PRAGMA foreign_keys=OFF;
BEGIN TRANSACTION;
CREATE TABLE IF NOT EXISTS "migrations" ("id" integer primary key autoincrement not null, "migration" varchar not null, "batch" integer not null);
INSERT INTO migrations VALUES(1,'0001_01_01_000000_create_users_table',1);
INSERT INTO migrations VALUES(2,'0001_01_01_000001_create_cache_table',1);
INSERT INTO migrations VALUES(3,'0001_01_01_000002_create_jobs_table',1);
INSERT INTO migrations VALUES(4,'2025_10_14_190212_create_personal_access_tokens_table',1);
INSERT INTO migrations VALUES(5,'2025_10_15_040813_create_categories_table',1);
INSERT INTO migrations VALUES(6,'2025_10_15_040838_create_tags_table',1);
INSERT INTO migrations VALUES(7,'2025_10_15_040839_create_contact_messages_table',1);
INSERT INTO migrations VALUES(8,'2025_10_15_040839_create_featured_sections_table',1);
INSERT INTO migrations VALUES(9,'2025_10_15_040839_create_home_sliders_table',1);
INSERT INTO migrations VALUES(10,'2025_10_15_040839_create_pages_table',1);
INSERT INTO migrations VALUES(11,'2025_10_15_040839_create_products_table',1);
INSERT INTO migrations VALUES(12,'2025_10_15_040839_create_settings_table',1);
INSERT INTO migrations VALUES(13,'2025_10_17_120000_create_featured_products_table',1);
INSERT INTO migrations VALUES(14,'2025_10_17_150000_create_wholesale_orders_table',1);
CREATE TABLE IF NOT EXISTS "users" ("id" integer primary key autoincrement not null, "name" varchar not null, "email" varchar not null, "email_verified_at" datetime, "password" varchar not null, "remember_token" varchar, "created_at" datetime, "updated_at" datetime);
INSERT INTO users VALUES(1,'Admin','admin@luxuryhome.com',NULL,'$2y$12$Civos7W0epZCt7ONLj7fpOlHFmNRiEkHJLgmtaYOE9fb4lJC48YFq',NULL,'2025-12-21 14:51:58','2025-12-21 14:51:58');
CREATE TABLE IF NOT EXISTS "password_reset_tokens" ("email" varchar not null, "token" varchar not null, "created_at" datetime, primary key ("email"));
CREATE TABLE IF NOT EXISTS "sessions" ("id" varchar not null, "user_id" integer, "ip_address" varchar, "user_agent" text, "payload" text not null, "last_activity" integer not null, primary key ("id"));
CREATE TABLE IF NOT EXISTS "cache" ("key" varchar not null, "value" text not null, "expiration" integer not null, primary key ("key"));
CREATE TABLE IF NOT EXISTS "cache_locks" ("key" varchar not null, "owner" varchar not null, "expiration" integer not null, primary key ("key"));
CREATE TABLE IF NOT EXISTS "jobs" ("id" integer primary key autoincrement not null, "queue" varchar not null, "payload" text not null, "attempts" integer not null, "reserved_at" integer, "available_at" integer not null, "created_at" integer not null);
CREATE TABLE IF NOT EXISTS "job_batches" ("id" varchar not null, "name" varchar not null, "total_jobs" integer not null, "pending_jobs" integer not null, "failed_jobs" integer not null, "failed_job_ids" text not null, "options" text, "cancelled_at" integer, "created_at" integer not null, "finished_at" integer, primary key ("id"));
CREATE TABLE IF NOT EXISTS "failed_jobs" ("id" integer primary key autoincrement not null, "uuid" varchar not null, "connection" text not null, "queue" text not null, "payload" text not null, "exception" text not null, "failed_at" datetime not null default CURRENT_TIMESTAMP);
CREATE TABLE IF NOT EXISTS "personal_access_tokens" ("id" integer primary key autoincrement not null, "tokenable_type" varchar not null, "tokenable_id" integer not null, "name" text not null, "token" varchar not null, "abilities" text, "last_used_at" datetime, "expires_at" datetime, "created_at" datetime, "updated_at" datetime);
CREATE TABLE IF NOT EXISTS "categories" ("id" integer primary key autoincrement not null, "name" varchar not null, "slug" varchar not null, "description" text, "image" varchar, "order" integer not null default '0', "is_active" tinyint(1) not null default '1', "created_at" datetime, "updated_at" datetime);
INSERT INTO categories VALUES(1,'Havlu','havlu','Yumuşak ve emici havlu çeşitlerimiz. Banyo havluları, el havluları ve plaj havluları.',NULL,1,1,'2025-12-21 14:51:58','2025-12-21 14:51:58');
INSERT INTO categories VALUES(2,'Nevresim','nevresim','Konforlu uyku için kaliteli nevresim takımları. Tek kişilik, çift kişilik ve king size seçenekler.',NULL,2,1,'2025-12-21 14:51:58','2025-12-21 14:51:58');
INSERT INTO categories VALUES(3,'Bornoz','bornoz','Lüks ve rahat bornoz modelleri. Banyo ve spa kullanımı için ideal.',NULL,3,1,'2025-12-21 14:51:58','2025-12-21 14:51:58');
INSERT INTO categories VALUES(4,'Yatak Örtüsü','yatak-ortusu','Şık ve dekoratif yatak örtüleri. Yatak odanızı güzelleştirin.',NULL,4,1,'2025-12-21 14:51:58','2025-12-21 14:51:58');
INSERT INTO categories VALUES(5,'Çocuk Koleksiyonu','cocuk-koleksiyonu','Çocuklarınız için özel tasarlanmış, yumuşak ve güvenli ev tekstili ürünleri.',NULL,5,1,'2025-12-21 14:51:58','2025-12-21 14:51:58');
CREATE TABLE IF NOT EXISTS "tags" ("id" integer primary key autoincrement not null, "name" varchar not null, "color" varchar not null default '#3B82F6', "is_active" tinyint(1) not null default '1', "created_at" datetime, "updated_at" datetime);
INSERT INTO tags VALUES(1,'%100 Pamuk','#10B981',1,'2025-12-21 14:51:58','2025-12-21 14:51:58');
INSERT INTO tags VALUES(2,'Organik','#22C55E',1,'2025-12-21 14:51:58','2025-12-21 14:51:58');
INSERT INTO tags VALUES(3,'Hipoalerjenik','#3B82F6',1,'2025-12-21 14:51:58','2025-12-21 14:51:58');
INSERT INTO tags VALUES(4,'Antibakteriyel','#8B5CF6',1,'2025-12-21 14:51:58','2025-12-21 14:51:58');
INSERT INTO tags VALUES(5,'Yumuşak Doku','#EC4899',1,'2025-12-21 14:51:58','2025-12-21 14:51:58');
CREATE TABLE IF NOT EXISTS "contact_messages" ("id" integer primary key autoincrement not null, "name" varchar not null, "email" varchar not null, "subject" varchar, "message" text not null, "is_read" tinyint(1) not null default '0', "created_at" datetime, "updated_at" datetime);
CREATE TABLE IF NOT EXISTS "featured_sections" ("id" integer primary key autoincrement not null, "title" varchar not null, "description" text, "image" varchar, "icon" varchar, "link" varchar, "is_active" tinyint(1) not null default '1', "order" integer not null default '0', "created_at" datetime, "updated_at" datetime);
CREATE TABLE IF NOT EXISTS "home_sliders" ("id" integer primary key autoincrement not null, "title" varchar not null, "subtitle" varchar, "button_text" varchar, "button_link" varchar, "image" varchar not null, "is_active" tinyint(1) not null default '1', "order" integer not null default '0', "created_at" datetime, "updated_at" datetime);
CREATE TABLE IF NOT EXISTS "pages" ("id" integer primary key autoincrement not null, "title" varchar not null, "slug" varchar not null, "content" text, "meta_title" varchar, "meta_description" text, "is_active" tinyint(1) not null default '1', "order" integer not null default '0', "created_at" datetime, "updated_at" datetime);
INSERT INTO pages VALUES(1,'Hakkımızda','hakkimizda',unistr('<h2>Luxury Home Textiles Hakkında</h2>\u000a<p>1995 yılından bu yana, ev tekstili sektöründe kalite ve güvenin adresi olarak hizmet vermekteyiz. Müşterilerimize en iyi ürünleri sunma misyonuyla yola çıktık ve bugün Türkiye''nin önde gelen ev tekstili markalarından biri haline geldik.</p>\u000a\u000a<h3>Vizyonumuz</h3>\u000a<p>Her evde konfor, kalite ve şıklığı bir araya getiren ev tekstili ürünleri sunmak. Doğaya saygılı, sürdürülebilir üretim anlayışıyla sektörde öncü olmak.</p>\u000a\u000a<h3>Misyonumuz</h3>\u000a<p>Müşteri memnuniyetini ön planda tutarak, organik ve doğal malzemelerden üretilmiş, sağlığa ve çevreye duyarlı ürünler sunmak. Her üründe mükemmelliği hedeflemek.</p>\u000a\u000a<h3>Değerlerimiz</h3>\u000a<ul>\u000a<li><strong>Kalite:</strong> Her üründe en yüksek kalite standardı</li>\u000a<li><strong>Güven:</strong> Müşterilerimizle uzun vadeli güven ilişkisi</li>\u000a<li><strong>Yenilik:</strong> Sürekli gelişim ve yenilikçi ürünler</li>\u000a<li><strong>Doğa Dostu:</strong> Çevre bilinci ve sürdürülebilirlik</li>\u000a</ul>'),'Hakkımızda - Luxury Home Textiles','Luxury Home Textiles hakkında bilgi edinin. Vizyonumuz, misyonumuz ve değerlerimiz.',1,1,'2025-12-21 14:51:58','2025-12-21 14:51:58');
INSERT INTO pages VALUES(2,'Gizlilik Politikası','gizlilik-politikasi',unistr('<h2>Gizlilik Politikası</h2>\u000a<p>Luxury Home Textiles olarak müşterilerimizin gizliliğine önem veriyoruz. Bu sayfa, kişisel verilerinizin nasıl toplandığını, kullanıldığını ve korunduğunu açıklar.</p>\u000a\u000a<h3>Toplanan Bilgiler</h3>\u000a<p>Web sitemizi ziyaret ettiğinizde veya alışveriş yaptığınızda aşağıdaki bilgiler toplanabilir:</p>\u000a<ul>\u000a<li>İsim, e-posta adresi, telefon numarası</li>\u000a<li>Teslimat adresi ve fatura bilgileri</li>\u000a<li>Ödeme bilgileri (güvenli şekilde)</li>\u000a<li>Tarayıcı ve cihaz bilgileri</li>\u000a</ul>\u000a\u000a<h3>Bilgilerin Kullanımı</h3>\u000a<p>Topladığımız bilgiler şu amaçlarla kullanılır:</p>\u000a<ul>\u000a<li>Siparişlerinizi işleme almak ve teslim etmek</li>\u000a<li>Müşteri hizmetleri sağlamak</li>\u000a<li>Ürün ve hizmetlerimizi geliştirmek</li>\u000a<li>Kampanya ve duyurular göndermek (izninizle)</li>\u000a</ul>\u000a\u000a<h3>Veri Güvenliği</h3>\u000a<p>Kişisel verileriniz, yetkisiz erişime, kullanıma veya ifşaya karşı uygun güvenlik önlemleriyle korunmaktadır. SSL şifreleme teknolojisi kullanarak bilgilerinizi güvende tutuyoruz.</p>\u000a\u000a<h3>İletişim</h3>\u000a<p>Gizlilik politikamız hakkında sorularınız için: info@luxuryhome.com</p>'),'Gizlilik Politikası - Luxury Home','Luxury Home Textiles gizlilik politikası. Kişisel verileriniz nasıl korunur?',1,2,'2025-12-21 14:51:58','2025-12-21 14:51:58');
INSERT INTO pages VALUES(3,'Kargo ve İade','kargo-ve-iade',unistr('<h2>Kargo ve İade Koşulları</h2>\u000a\u000a<h3>Kargo Bilgileri</h3>\u000a<p>Siparişleriniz, özenle paketlenerek anlaşmalı kargo firmaları aracılığıyla tarafınıza ulaştırılır.</p>\u000a\u000a<h4>Teslimat Süreleri</h4>\u000a<ul>\u000a<li><strong>Şehir içi:</strong> 1-2 iş günü</li>\u000a<li><strong>Türkiye geneli:</strong> 2-5 iş günü</li>\u000a<li><strong>Yurtdışı:</strong> 7-15 iş günü (destinasyona göre değişir)</li>\u000a</ul>\u000a\u000a<h4>Kargo Ücretleri</h4>\u000a<ul>\u000a<li>500 TL ve üzeri alışverişlerde <strong>ücretsiz kargo</strong></li>\u000a<li>500 TL altı alışverişlerde 29,90 TL kargo ücreti</li>\u000a</ul>\u000a\u000a<h3>İade Koşulları</h3>\u000a<p>Ürünlerimizi teslim aldıktan sonra 14 gün içinde iade edebilirsiniz.</p>\u000a\u000a<h4>İade Şartları</h4>\u000a<ul>\u000a<li>Ürün kullanılmamış ve orijinal ambalajında olmalı</li>\u000a<li>Ürün etiketi sökülmemiş olmalı</li>\u000a<li>Hijyen gerektiren ürünler (iç çamaşırı vb.) açılmamış olmalı</li>\u000a<li>Fatura ve iade formu eksiksiz doldurulmalı</li>\u000a</ul>\u000a\u000a<h4>İade Süreci</h4>\u000a<ol>\u000a<li>İade talebinizi web sitemiz veya müşteri hizmetleri üzerinden oluşturun</li>\u000a<li>Ürünü orijinal ambalajı ile birlikte kargo ile gönderin</li>\u000a<li>İade onayı sonrası 5-7 iş günü içinde ödemeniz iade edilir</li>\u000a</ol>\u000a\u000a<h3>İletişim</h3>\u000a<p>Kargo ve iade ile ilgili sorularınız için:<br>\u000aTelefon: +90 555 123 4567<br>\u000aE-posta: siparis@luxuryhome.com</p>'),'Kargo ve İade Koşulları - Luxury Home','Kargo teslimat süreleri ve iade koşulları hakkında detaylı bilgi.',1,3,'2025-12-21 14:51:58','2025-12-21 14:51:58');
INSERT INTO pages VALUES(4,'Kullanım Koşulları','kullanim-kosullari',unistr('<h2>Kullanım Koşulları</h2>\u000a<p>Bu web sitesini kullanarak aşağıdaki şartları ve koşulları kabul etmiş sayılırsınız.</p>\u000a\u000a<h3>Hizmet Kullanımı</h3>\u000a<p>Web sitemizi ziyaret ettiğinizde ve hizmetlerimizi kullandığınızda:</p>\u000a<ul>\u000a<li>18 yaşından büyük olduğunuzu veya yasal bir vasinin onayı ile hareket ettiğinizi kabul edersiniz</li>\u000a<li>Doğru ve güncel bilgiler sağlamayı taahhüt edersiniz</li>\u000a<li>Hesap bilgilerinizin güvenliğinden sorumlu olduğunuzu kabul edersiniz</li>\u000a</ul>\u000a\u000a<h3>Fikri Mülkiyet</h3>\u000a<p>Bu web sitesindeki tüm içerik, görseller, logolar ve tasarımlar Luxury Home Textiles''e aittir ve telif hakları ile korunmaktadır. İzinsiz kullanımı yasaktır.</p>\u000a\u000a<h3>Fiyat ve Ödeme</h3>\u000a<ul>\u000a<li>Web sitesinde belirtilen fiyatlar KDV dahildir</li>\u000a<li>Fiyatlar önceden haber verilmeksizin değiştirilebilir</li>\u000a<li>Ödeme güvenliği için SSL sertifikası kullanılmaktadır</li>\u000a<li>Kredi kartı, banka kartı ve havale ile ödeme kabul edilir</li>\u000a</ul>\u000a\u000a<h3>Sorumluluk Sınırlaması</h3>\u000a<p>Web sitemizde yer alan ürün bilgileri mümkün olduğunca doğru ve güncel tutulmaya çalışılsa da, teknik hatalar veya yazım yanlışlıkları olabilir. Bu durumda sorumluluk kabul edilmez.</p>\u000a\u000a<h3>Değişiklikler</h3>\u000a<p>Luxury Home Textiles, bu kullanım koşullarını önceden haber vermeksizin değiştirme hakkını saklı tutar. Değişiklikler web sitesinde yayınlandığı anda yürürlüğe girer.</p>\u000a\u000a<h3>İletişim</h3>\u000a<p>Kullanım koşulları hakkında sorularınız için: info@luxuryhome.com</p>\u000a\u000a<p><em>Son güncelleme: Ocak 2025</em></p>'),'Kullanım Koşulları - Luxury Home','Luxury Home Textiles web sitesi kullanım koşulları ve şartları.',1,4,'2025-12-21 14:51:58','2025-12-21 14:51:58');
CREATE TABLE IF NOT EXISTS "products" ("id" integer primary key autoincrement not null, "name" varchar not null, "slug" varchar not null, "description" text, "images" text, "category_id" integer, "features" text, "meta_title" varchar, "meta_description" text, "is_active" tinyint(1) not null default '1', "is_featured" tinyint(1) not null default '0', "order" integer not null default '0', "created_at" datetime, "updated_at" datetime, foreign key("category_id") references "categories"("id") on delete set null);
INSERT INTO products VALUES(1,'Premium Bambu Havlu Seti','premium-bambu-havlu-seti','<p>Bambu liflerinden üretilen premium havlu setimiz, doğal antibakteriyel özelliği ve yüksek emiciliği ile öne çıkar. Uzun ömürlü ve çevre dostu.</p><p>Set içeriği:</p><ul><li>2 adet banyo havlusu (70x140 cm)</li><li>2 adet el havlusu (50x90 cm)</li><li>2 adet yüz havlusu (30x30 cm)</li></ul>','"[\"https:\\\/\\\/images.unsplash.com\\\/photo-1582735689369-4fe89db7114c?w=600&h=400&fit=crop\",\"https:\\\/\\\/images.unsplash.com\\\/photo-1620799139834-6b8f844fbe61?w=600&h=400&fit=crop\"]"',1,'"[{\"icon\":\"heroicon-o-star\",\"title\":\"%100 Bambu\",\"description\":\"Do\\u011fal bambu liflerinden \\u00fcretilmi\\u015ftir\"},{\"icon\":\"heroicon-o-sparkles\",\"title\":\"Antibakteriyel\",\"description\":\"Do\\u011fal antibakteriyel \\u00f6zellik\"},{\"icon\":\"heroicon-o-heart\",\"title\":\"S\\u00fcper Emici\",\"description\":\"Y\\u00fcksek su emme kapasitesi\"}]"',NULL,NULL,1,1,1,'2025-12-21 14:51:58','2025-12-21 14:51:58');
INSERT INTO products VALUES(2,'Organik Pamuk Havlu Takımı','organik-pamuk-havlu-takimi','<p>%100 organik pamuktan üretilen havlu takımımız, hassas ciltler için idealdir. GOTS sertifikalı, kimyasal içermez.</p><p>Özellikler:</p><ul><li>Organik sertifikalı pamuk</li><li>Kimyasal içermez</li><li>Hipoalerjenik yapı</li><li>Yüksek emicilik</li></ul>','"[\"https:\\\/\\\/images.unsplash.com\\\/photo-1616627547584-bf28cfeefa0e?w=600&h=400&fit=crop\",\"https:\\\/\\\/images.unsplash.com\\\/photo-1631889993959-41b4e9c6e3c5?w=600&h=400&fit=crop\"]"',1,'"[{\"icon\":\"heroicon-o-check-circle\",\"title\":\"GOTS Sertifikal\\u0131\",\"description\":\"Organik \\u00fcretim sertifikas\\u0131\"},{\"icon\":\"heroicon-o-leaf\",\"title\":\"%100 Organik\",\"description\":\"Kimyasal i\\u00e7ermez\"},{\"icon\":\"heroicon-o-heart\",\"title\":\"Hassas Ciltler \\u0130\\u00e7in\",\"description\":\"Hipoalerjenik yap\\u0131\"}]"',NULL,NULL,1,0,2,'2025-12-21 14:51:58','2025-12-21 14:51:58');
INSERT INTO products VALUES(3,'Lüks Plaj Havlusu','luks-plaj-havlusu','<p>Ekstra büyük boyutu ve hızlı kuruma özelliği ile plaj ve havuz için ideal. Canlı renkleri solmaz.</p><p>Özellikler:</p><ul><li>100x180 cm büyük boy</li><li>Hızlı kuruma</li><li>UV koruma</li><li>Hafif taşıma</li></ul>','"[\"https:\\\/\\\/images.unsplash.com\\\/photo-1576567734310-4fdbe97922f7?w=600&h=400&fit=crop\"]"',1,'"[{\"icon\":\"heroicon-o-arrow-trending-up\",\"title\":\"Ekstra B\\u00fcy\\u00fck\",\"description\":\"100x180 cm boyut\"},{\"icon\":\"heroicon-o-sun\",\"title\":\"H\\u0131zl\\u0131 Kurur\",\"description\":\"Plaj ve havuz i\\u00e7in ideal\"},{\"icon\":\"heroicon-o-swatch\",\"title\":\"Canl\\u0131 Renkler\",\"description\":\"Solmayan renk kalitesi\"}]"',NULL,NULL,1,0,3,'2025-12-21 14:51:58','2025-12-21 14:51:58');
INSERT INTO products VALUES(4,'Waffle Dokulu Spa Bornoz','waffle-dokulu-spa-bornoz','<p>Waffle dokulu spa bornozumuz, ince yapısı ve yüksek emiciliği ile spa konforunu evinize taşır. Premium kalite pamuktan üretilmiştir.</p><p>Özellikler:</p><ul><li>Unisex kullanım</li><li>S/M, L/XL bedenler</li><li>Kemerli tasarım</li><li>Cep detayları</li></ul>','"[\"https:\\\/\\\/images.unsplash.com\\\/photo-1564584217132-2271feaeb3c5?w=600&h=400&fit=crop\"]"',3,'"[{\"icon\":\"heroicon-o-star\",\"title\":\"Waffle Doku\",\"description\":\"\\u00d6zel dokuma tekni\\u011fi ile \\u00fcretilmi\\u015ftir\"},{\"icon\":\"heroicon-o-fire\",\"title\":\"Hafif ve Nefes Al\\u0131r\",\"description\":\"Her mevsim kullan\\u0131ma uygun\"},{\"icon\":\"heroicon-o-sparkles\",\"title\":\"\\u015e\\u0131k Tasar\\u0131m\",\"description\":\"Modern ve zarif g\\u00f6r\\u00fcn\\u00fcm\"}]"',NULL,NULL,1,1,1,'2025-12-21 14:51:58','2025-12-21 14:51:58');
INSERT INTO products VALUES(5,'Kenevir Lifli Doğal Bornoz','kenevir-lifli-dogal-bornoz','<p>Doğal kenevir liflerinden üretilen bornozumuz, çevre dostu ve sürdürülebilir. Doğal UV koruma özelliği ile sağlıklı bir seçim.</p><p>Özellikler:</p><ul><li>Sürdürülebilir üretim</li><li>UV koruma</li><li>Antibakteriyel</li><li>Dayanıklı</li></ul>','"[\"https:\\\/\\\/images.unsplash.com\\\/photo-1605200378519-e9655ffcf4ab?w=600&h=400&fit=crop\"]"',3,'"[{\"icon\":\"heroicon-o-leaf\",\"title\":\"Do\\u011fal Kenevir\",\"description\":\"S\\u00fcrd\\u00fcr\\u00fclebilir \\u00fcretim\"},{\"icon\":\"heroicon-o-shield-check\",\"title\":\"UV Koruma\",\"description\":\"Do\\u011fal UV koruma \\u00f6zelli\\u011fi\"},{\"icon\":\"heroicon-o-check-badge\",\"title\":\"Hipoalerjenik\",\"description\":\"Hassas ciltler i\\u00e7in uygun\"}]"',NULL,NULL,1,1,2,'2025-12-21 14:51:58','2025-12-21 14:51:58');
INSERT INTO products VALUES(6,'Premium Saten Nevresim Takımı','premium-saten-nevresim-takimi','<p>Saten dokulu premium nevresim takımımız, ipeksi dokusu ve parlak görünümü ile yatak odanıza lüks bir hava katar. Yüksek iplik sayısı ile dayanıklıdır.</p><p>Çift kişilik set içeriği:</p><ul><li>1 adet nevresim (200x220 cm)</li><li>2 adet yastık kılıfı (50x70 cm)</li></ul>','"[\"https:\\\/\\\/images.unsplash.com\\\/photo-1522771739844-6a9f6d5f14af?w=600&h=400&fit=crop\"]"',2,'"[{\"icon\":\"heroicon-o-sparkles\",\"title\":\"Saten Doku\",\"description\":\"\\u0130peksi yumu\\u015fakl\\u0131k\"},{\"icon\":\"heroicon-o-star\",\"title\":\"Y\\u00fcksek \\u0130plik Say\\u0131s\\u0131\",\"description\":\"600 thread count\"},{\"icon\":\"heroicon-o-shield-check\",\"title\":\"Dayan\\u0131kl\\u0131\",\"description\":\"Uzun \\u00f6m\\u00fcrl\\u00fc kullan\\u0131m\"}]"',NULL,NULL,1,0,1,'2025-12-21 14:51:58','2025-12-21 14:51:58');
INSERT INTO products VALUES(7,'Organik Pamuk Nevresim Seti','organik-pamuk-nevresim-seti','<p>%100 organik pamuktan üretilen nevresim setimiz, doğal ve sağlıklı bir uyku için ideal. Nefes alır yapısı ile her mevsim konfor sunar.</p><p>Özellikler:</p><ul><li>GOTS sertifikalı organik pamuk</li><li>Kimyasal içermez</li><li>Nefes alır yapı</li><li>Her mevsim kullanım</li></ul>','"[\"https:\\\/\\\/images.unsplash.com\\\/photo-1540518614846-7eded433c457?w=600&h=400&fit=crop\"]"',2,'"[{\"icon\":\"heroicon-o-leaf\",\"title\":\"%100 Organik\",\"description\":\"Sertifikal\\u0131 organik pamuk\"},{\"icon\":\"heroicon-o-check-circle\",\"title\":\"Nefes Al\\u0131r\",\"description\":\"Do\\u011fal hava sirk\\u00fclasyonu\"},{\"icon\":\"heroicon-o-heart\",\"title\":\"Hassas Ciltler\",\"description\":\"Kimyasal i\\u00e7ermez\"}]"',NULL,NULL,1,1,2,'2025-12-21 14:51:58','2025-12-21 14:51:58');
INSERT INTO products VALUES(8,'Bambu Nevresim Takımı','bambu-nevresim-takimi','<p>Bambu liflerinden üretilen nevresim takımımız, nefes alabilen yapısı ve yumuşacık dokusu ile her mevsim kullanım için idealdir.</p><p>Çift kişilik set içeriği:</p><ul><li>1 adet nevresim (200x220 cm)</li><li>2 adet yastık kılıfı (50x70 cm)</li></ul>','"[\"https:\\\/\\\/images.unsplash.com\\\/photo-1560185007-c8ad0939b69d?w=600&h=400&fit=crop\"]"',2,'"[{\"icon\":\"heroicon-o-leaf\",\"title\":\"Bambu Lifi\",\"description\":\"Do\\u011fal ve s\\u00fcrd\\u00fcr\\u00fclebilir\"},{\"icon\":\"heroicon-o-wind\",\"title\":\"Nefes Al\\u0131r\",\"description\":\"Her mevsim konforlu\"},{\"icon\":\"heroicon-o-shield-check\",\"title\":\"Antibakteriyel\",\"description\":\"Do\\u011fal koruma\"}]"',NULL,NULL,1,1,3,'2025-12-21 14:51:58','2025-12-21 14:51:58');
INSERT INTO products VALUES(9,'Kapitone Yatak Örtüsü','kapitone-yatak-ortusu','<p>Kapitone dokulu yatak örtümüz, şık tasarımı ve yumuşak dokusu ile yatak odanıza zarif bir dokunuş katar. Çift kişilik ebatlarda.</p><p>Özellikler:</p><ul><li>Çift kişilik: 240x260 cm</li><li>Ters yüz kullanılabilir</li><li>Makinede yıkanabilir</li><li>Çarşaf uyumlu tasarım</li></ul>','"[\"https:\\\/\\\/images.unsplash.com\\\/photo-1631049307264-da0ec9d70304?w=600&h=400&fit=crop\"]"',4,'"[{\"icon\":\"heroicon-o-sparkles\",\"title\":\"Kapitone Doku\",\"description\":\"\\u015e\\u0131k ve zarif g\\u00f6r\\u00fcn\\u00fcm\"},{\"icon\":\"heroicon-o-home\",\"title\":\"\\u00c7ift Ki\\u015filik\",\"description\":\"240x260 cm\"},{\"icon\":\"heroicon-o-check-circle\",\"title\":\"Kolay Bak\\u0131m\",\"description\":\"Makinede y\\u0131kanabilir\"}]"',NULL,NULL,1,0,1,'2025-12-21 14:51:58','2025-12-21 14:51:58');
INSERT INTO products VALUES(10,'Nakışlı Yatak Örtüsü','nakisli-yatak-ortusu','<p>El işçiliği nakış detayları ve kaliteli kumaş ile üretilmiş yatak örtümüz, dekorasyonunuzu tamamlar.</p><p>Özellikler:</p><ul><li>El nakışlı detaylar</li><li>Çift kişilik boy</li><li>Çift taraflı kullanım</li><li>Özel tasarım</li></ul>','"[\"https:\\\/\\\/images.unsplash.com\\\/photo-1615800098779-1be32e60cca3?w=600&h=400&fit=crop\"]"',4,'"[{\"icon\":\"heroicon-o-sparkles\",\"title\":\"El Nak\\u0131\\u015f\\u0131\",\"description\":\"\\u00d6zel tasar\\u0131m detaylar\"},{\"icon\":\"heroicon-o-paint-brush\",\"title\":\"\\u015e\\u0131k Tasar\\u0131m\",\"description\":\"Modern ve zarif\"},{\"icon\":\"heroicon-o-arrow-path\",\"title\":\"\\u00c7ift Tarafl\\u0131\",\"description\":\"\\u0130ki farkl\\u0131 kullan\\u0131m\"}]"',NULL,NULL,1,0,2,'2025-12-21 14:51:58','2025-12-21 14:51:58');
INSERT INTO products VALUES(11,'Çocuk Nevresim Takımı - Yıldızlar','cocuk-nevresim-takimi-yildizlar','<p>Renkli yıldız desenli çocuk nevresim takımımız, %100 pamuktan üretilmiştir. Hassas çocuk ciltleri için güvenlidir.</p><p>Tek kişilik set içeriği:</p><ul><li>1 adet nevresim (160x220 cm)</li><li>1 adet yastık kılıfı (50x70 cm)</li></ul>','"[\"https:\\\/\\\/images.unsplash.com\\\/photo-1555041469-a586c61ea9bc?w=600&h=400&fit=crop\"]"',5,'"[{\"icon\":\"heroicon-o-star\",\"title\":\"Renkli Desenler\",\"description\":\"\\u00c7ocuklar\\u0131n sevdi\\u011fi tasar\\u0131mlar\"},{\"icon\":\"heroicon-o-shield-check\",\"title\":\"G\\u00fcvenli\",\"description\":\"Zararl\\u0131 kimyasal i\\u00e7ermez\"},{\"icon\":\"heroicon-o-heart\",\"title\":\"%100 Pamuk\",\"description\":\"Nefes al\\u0131r do\\u011fal kuma\\u015f\"}]"',NULL,NULL,1,0,1,'2025-12-21 14:51:58','2025-12-21 14:51:58');
INSERT INTO products VALUES(12,'Renkli Çocuk Nevresim Seti','renkli-cocuk-nevresim-seti','<p>Eğlenceli desenler ve yumuşak kumaş ile çocuğunuzun konforlu uyumasını sağlar. Hipoalerjenik yapısı hassas ciltler için güvenlidir.</p><p>Özellikler:</p><ul><li>Eğlenceli çocuk desenleri</li><li>Hipoalerjenik yapı</li><li>Kolay bakım</li><li>Yumuşak doku</li></ul>','"[\"https:\\\/\\\/images.unsplash.com\\\/photo-1522771739844-6a9f6d5f14af?w=600&h=400&fit=crop\"]"',5,'"[{\"icon\":\"heroicon-o-face-smile\",\"title\":\"E\\u011flenceli Desenler\",\"description\":\"\\u00c7ocuklar\\u0131n sevdi\\u011fi renkler\"},{\"icon\":\"heroicon-o-shield-exclamation\",\"title\":\"Hipoalerjenik\",\"description\":\"Hassas ciltler i\\u00e7in g\\u00fcvenli\"},{\"icon\":\"heroicon-o-star\",\"title\":\"Yumu\\u015fak\",\"description\":\"Rahat uyku i\\u00e7in ideal\"}]"',NULL,NULL,1,1,2,'2025-12-21 14:51:58','2025-12-21 14:51:58');
INSERT INTO products VALUES(13,'Havlu - Toptan Set 1','havlu-toptan-set-1','<p>Toptan satış için ideal Havlu seti. Kurumsal siparişler için özel fiyatlandırma.</p><p>Özellikler:</p><ul><li>Toptan fiyat avantajı</li><li>Hızlı teslimat</li><li>Özel paketleme</li><li>Kurumsal fatura</li></ul>','"[\"https:\\\/\\\/via.placeholder.com\\\/600x400\\\/10B981\\\/ffffff?text=Havlu+Set+1\"]"',1,'"[{\"icon\":\"check\",\"title\":\"Toptan Fiyat\",\"description\":\"\\u00d6zel toptan fiyatland\\u0131rma ve hacim indirimleri\"},{\"icon\":\"truck\",\"title\":\"H\\u0131zl\\u0131 Kargo\",\"description\":\"Ayn\\u0131 g\\u00fcn kargoya verilir, 1-2 g\\u00fcn i\\u00e7inde teslim\"},{\"icon\":\"package\",\"title\":\"Uygun Paketleme\",\"description\":\"Nakliyeye uygun \\u00f6zel kutulama ve paketleme\"},{\"icon\":\"document\",\"title\":\"Kurumsal Fatura\",\"description\":\"E-Fatura ve e-Ar\\u015fiv fatura deste\\u011fi\"}]"',NULL,NULL,1,0,101,'2025-12-21 14:51:58','2025-12-21 14:51:58');
INSERT INTO products VALUES(14,'Havlu - Toptan Set 2','havlu-toptan-set-2','<p>Toptan satış için ideal Havlu seti. Kurumsal siparişler için özel fiyatlandırma.</p><p>Özellikler:</p><ul><li>Toptan fiyat avantajı</li><li>Hızlı teslimat</li><li>Özel paketleme</li><li>Kurumsal fatura</li></ul>','"[\"https:\\\/\\\/via.placeholder.com\\\/600x400\\\/10B981\\\/ffffff?text=Havlu+Set+2\"]"',1,'"[{\"icon\":\"check\",\"title\":\"Toptan Fiyat\",\"description\":\"\\u00d6zel toptan fiyatland\\u0131rma ve hacim indirimleri\"},{\"icon\":\"truck\",\"title\":\"H\\u0131zl\\u0131 Kargo\",\"description\":\"Ayn\\u0131 g\\u00fcn kargoya verilir, 1-2 g\\u00fcn i\\u00e7inde teslim\"},{\"icon\":\"package\",\"title\":\"Uygun Paketleme\",\"description\":\"Nakliyeye uygun \\u00f6zel kutulama ve paketleme\"},{\"icon\":\"document\",\"title\":\"Kurumsal Fatura\",\"description\":\"E-Fatura ve e-Ar\\u015fiv fatura deste\\u011fi\"}]"',NULL,NULL,1,0,102,'2025-12-21 14:51:58','2025-12-21 14:51:58');
INSERT INTO products VALUES(15,'Nevresim - Toptan Set 1','nevresim-toptan-set-1','<p>Toptan satış için ideal Nevresim seti. Kurumsal siparişler için özel fiyatlandırma.</p><p>Özellikler:</p><ul><li>Toptan fiyat avantajı</li><li>Hızlı teslimat</li><li>Özel paketleme</li><li>Kurumsal fatura</li></ul>','"[\"https:\\\/\\\/via.placeholder.com\\\/600x400\\\/10B981\\\/ffffff?text=Nevresim+Set+1\"]"',2,'"[{\"icon\":\"check\",\"title\":\"Toptan Fiyat\",\"description\":\"\\u00d6zel toptan fiyatland\\u0131rma ve hacim indirimleri\"},{\"icon\":\"truck\",\"title\":\"H\\u0131zl\\u0131 Kargo\",\"description\":\"Ayn\\u0131 g\\u00fcn kargoya verilir, 1-2 g\\u00fcn i\\u00e7inde teslim\"},{\"icon\":\"package\",\"title\":\"Uygun Paketleme\",\"description\":\"Nakliyeye uygun \\u00f6zel kutulama ve paketleme\"},{\"icon\":\"document\",\"title\":\"Kurumsal Fatura\",\"description\":\"E-Fatura ve e-Ar\\u015fiv fatura deste\\u011fi\"}]"',NULL,NULL,1,0,101,'2025-12-21 14:51:58','2025-12-21 14:51:58');
INSERT INTO products VALUES(16,'Nevresim - Toptan Set 2','nevresim-toptan-set-2','<p>Toptan satış için ideal Nevresim seti. Kurumsal siparişler için özel fiyatlandırma.</p><p>Özellikler:</p><ul><li>Toptan fiyat avantajı</li><li>Hızlı teslimat</li><li>Özel paketleme</li><li>Kurumsal fatura</li></ul>','"[\"https:\\\/\\\/via.placeholder.com\\\/600x400\\\/10B981\\\/ffffff?text=Nevresim+Set+2\"]"',2,'"[{\"icon\":\"check\",\"title\":\"Toptan Fiyat\",\"description\":\"\\u00d6zel toptan fiyatland\\u0131rma ve hacim indirimleri\"},{\"icon\":\"truck\",\"title\":\"H\\u0131zl\\u0131 Kargo\",\"description\":\"Ayn\\u0131 g\\u00fcn kargoya verilir, 1-2 g\\u00fcn i\\u00e7inde teslim\"},{\"icon\":\"package\",\"title\":\"Uygun Paketleme\",\"description\":\"Nakliyeye uygun \\u00f6zel kutulama ve paketleme\"},{\"icon\":\"document\",\"title\":\"Kurumsal Fatura\",\"description\":\"E-Fatura ve e-Ar\\u015fiv fatura deste\\u011fi\"}]"',NULL,NULL,1,0,102,'2025-12-21 14:51:58','2025-12-21 14:51:58');
INSERT INTO products VALUES(17,'Bornoz - Toptan Set 1','bornoz-toptan-set-1','<p>Toptan satış için ideal Bornoz seti. Kurumsal siparişler için özel fiyatlandırma.</p><p>Özellikler:</p><ul><li>Toptan fiyat avantajı</li><li>Hızlı teslimat</li><li>Özel paketleme</li><li>Kurumsal fatura</li></ul>','"[\"https:\\\/\\\/via.placeholder.com\\\/600x400\\\/10B981\\\/ffffff?text=Bornoz+Set+1\"]"',3,'"[{\"icon\":\"check\",\"title\":\"Toptan Fiyat\",\"description\":\"\\u00d6zel toptan fiyatland\\u0131rma ve hacim indirimleri\"},{\"icon\":\"truck\",\"title\":\"H\\u0131zl\\u0131 Kargo\",\"description\":\"Ayn\\u0131 g\\u00fcn kargoya verilir, 1-2 g\\u00fcn i\\u00e7inde teslim\"},{\"icon\":\"package\",\"title\":\"Uygun Paketleme\",\"description\":\"Nakliyeye uygun \\u00f6zel kutulama ve paketleme\"},{\"icon\":\"document\",\"title\":\"Kurumsal Fatura\",\"description\":\"E-Fatura ve e-Ar\\u015fiv fatura deste\\u011fi\"}]"',NULL,NULL,1,0,101,'2025-12-21 14:51:58','2025-12-21 14:51:58');
INSERT INTO products VALUES(18,'Bornoz - Toptan Set 2','bornoz-toptan-set-2','<p>Toptan satış için ideal Bornoz seti. Kurumsal siparişler için özel fiyatlandırma.</p><p>Özellikler:</p><ul><li>Toptan fiyat avantajı</li><li>Hızlı teslimat</li><li>Özel paketleme</li><li>Kurumsal fatura</li></ul>','"[\"https:\\\/\\\/via.placeholder.com\\\/600x400\\\/10B981\\\/ffffff?text=Bornoz+Set+2\"]"',3,'"[{\"icon\":\"check\",\"title\":\"Toptan Fiyat\",\"description\":\"\\u00d6zel toptan fiyatland\\u0131rma ve hacim indirimleri\"},{\"icon\":\"truck\",\"title\":\"H\\u0131zl\\u0131 Kargo\",\"description\":\"Ayn\\u0131 g\\u00fcn kargoya verilir, 1-2 g\\u00fcn i\\u00e7inde teslim\"},{\"icon\":\"package\",\"title\":\"Uygun Paketleme\",\"description\":\"Nakliyeye uygun \\u00f6zel kutulama ve paketleme\"},{\"icon\":\"document\",\"title\":\"Kurumsal Fatura\",\"description\":\"E-Fatura ve e-Ar\\u015fiv fatura deste\\u011fi\"}]"',NULL,NULL,1,0,102,'2025-12-21 14:51:58','2025-12-21 14:51:58');
INSERT INTO products VALUES(19,'Yatak Örtüsü - Toptan Set 1','yatak-ortusu-toptan-set-1','<p>Toptan satış için ideal Yatak Örtüsü seti. Kurumsal siparişler için özel fiyatlandırma.</p><p>Özellikler:</p><ul><li>Toptan fiyat avantajı</li><li>Hızlı teslimat</li><li>Özel paketleme</li><li>Kurumsal fatura</li></ul>','"[\"https:\\\/\\\/via.placeholder.com\\\/600x400\\\/10B981\\\/ffffff?text=Yatak+%C3%96rt%C3%BCs%C3%BC+Set+1\"]"',4,'"[{\"icon\":\"check\",\"title\":\"Toptan Fiyat\",\"description\":\"\\u00d6zel toptan fiyatland\\u0131rma ve hacim indirimleri\"},{\"icon\":\"truck\",\"title\":\"H\\u0131zl\\u0131 Kargo\",\"description\":\"Ayn\\u0131 g\\u00fcn kargoya verilir, 1-2 g\\u00fcn i\\u00e7inde teslim\"},{\"icon\":\"package\",\"title\":\"Uygun Paketleme\",\"description\":\"Nakliyeye uygun \\u00f6zel kutulama ve paketleme\"},{\"icon\":\"document\",\"title\":\"Kurumsal Fatura\",\"description\":\"E-Fatura ve e-Ar\\u015fiv fatura deste\\u011fi\"}]"',NULL,NULL,1,0,101,'2025-12-21 14:51:58','2025-12-21 14:51:58');
INSERT INTO products VALUES(20,'Yatak Örtüsü - Toptan Set 2','yatak-ortusu-toptan-set-2','<p>Toptan satış için ideal Yatak Örtüsü seti. Kurumsal siparişler için özel fiyatlandırma.</p><p>Özellikler:</p><ul><li>Toptan fiyat avantajı</li><li>Hızlı teslimat</li><li>Özel paketleme</li><li>Kurumsal fatura</li></ul>','"[\"https:\\\/\\\/via.placeholder.com\\\/600x400\\\/10B981\\\/ffffff?text=Yatak+%C3%96rt%C3%BCs%C3%BC+Set+2\"]"',4,'"[{\"icon\":\"check\",\"title\":\"Toptan Fiyat\",\"description\":\"\\u00d6zel toptan fiyatland\\u0131rma ve hacim indirimleri\"},{\"icon\":\"truck\",\"title\":\"H\\u0131zl\\u0131 Kargo\",\"description\":\"Ayn\\u0131 g\\u00fcn kargoya verilir, 1-2 g\\u00fcn i\\u00e7inde teslim\"},{\"icon\":\"package\",\"title\":\"Uygun Paketleme\",\"description\":\"Nakliyeye uygun \\u00f6zel kutulama ve paketleme\"},{\"icon\":\"document\",\"title\":\"Kurumsal Fatura\",\"description\":\"E-Fatura ve e-Ar\\u015fiv fatura deste\\u011fi\"}]"',NULL,NULL,1,0,102,'2025-12-21 14:51:58','2025-12-21 14:51:58');
INSERT INTO products VALUES(21,'Çocuk Koleksiyonu - Toptan Set 1','cocuk-koleksiyonu-toptan-set-1','<p>Toptan satış için ideal Çocuk Koleksiyonu seti. Kurumsal siparişler için özel fiyatlandırma.</p><p>Özellikler:</p><ul><li>Toptan fiyat avantajı</li><li>Hızlı teslimat</li><li>Özel paketleme</li><li>Kurumsal fatura</li></ul>','"[\"https:\\\/\\\/via.placeholder.com\\\/600x400\\\/10B981\\\/ffffff?text=%C3%87ocuk+Koleksiyonu+Set+1\"]"',5,'"[{\"icon\":\"check\",\"title\":\"Toptan Fiyat\",\"description\":\"\\u00d6zel toptan fiyatland\\u0131rma ve hacim indirimleri\"},{\"icon\":\"truck\",\"title\":\"H\\u0131zl\\u0131 Kargo\",\"description\":\"Ayn\\u0131 g\\u00fcn kargoya verilir, 1-2 g\\u00fcn i\\u00e7inde teslim\"},{\"icon\":\"package\",\"title\":\"Uygun Paketleme\",\"description\":\"Nakliyeye uygun \\u00f6zel kutulama ve paketleme\"},{\"icon\":\"document\",\"title\":\"Kurumsal Fatura\",\"description\":\"E-Fatura ve e-Ar\\u015fiv fatura deste\\u011fi\"}]"',NULL,NULL,1,0,101,'2025-12-21 14:51:58','2025-12-21 14:51:58');
INSERT INTO products VALUES(22,'Çocuk Koleksiyonu - Toptan Set 2','cocuk-koleksiyonu-toptan-set-2','<p>Toptan satış için ideal Çocuk Koleksiyonu seti. Kurumsal siparişler için özel fiyatlandırma.</p><p>Özellikler:</p><ul><li>Toptan fiyat avantajı</li><li>Hızlı teslimat</li><li>Özel paketleme</li><li>Kurumsal fatura</li></ul>','"[\"https:\\\/\\\/via.placeholder.com\\\/600x400\\\/10B981\\\/ffffff?text=%C3%87ocuk+Koleksiyonu+Set+2\"]"',5,'"[{\"icon\":\"check\",\"title\":\"Toptan Fiyat\",\"description\":\"\\u00d6zel toptan fiyatland\\u0131rma ve hacim indirimleri\"},{\"icon\":\"truck\",\"title\":\"H\\u0131zl\\u0131 Kargo\",\"description\":\"Ayn\\u0131 g\\u00fcn kargoya verilir, 1-2 g\\u00fcn i\\u00e7inde teslim\"},{\"icon\":\"package\",\"title\":\"Uygun Paketleme\",\"description\":\"Nakliyeye uygun \\u00f6zel kutulama ve paketleme\"},{\"icon\":\"document\",\"title\":\"Kurumsal Fatura\",\"description\":\"E-Fatura ve e-Ar\\u015fiv fatura deste\\u011fi\"}]"',NULL,NULL,1,0,102,'2025-12-21 14:51:58','2025-12-21 14:51:58');
CREATE TABLE IF NOT EXISTS "product_tag" ("product_id" integer not null, "tag_id" integer not null, foreign key("product_id") references "products"("id") on delete cascade, foreign key("tag_id") references "tags"("id") on delete cascade, primary key ("product_id", "tag_id"));
INSERT INTO product_tag VALUES(1,1);
INSERT INTO product_tag VALUES(1,3);
INSERT INTO product_tag VALUES(2,3);
INSERT INTO product_tag VALUES(2,4);
INSERT INTO product_tag VALUES(3,4);
INSERT INTO product_tag VALUES(3,5);
INSERT INTO product_tag VALUES(4,2);
INSERT INTO product_tag VALUES(4,4);
INSERT INTO product_tag VALUES(5,1);
INSERT INTO product_tag VALUES(5,3);
INSERT INTO product_tag VALUES(6,1);
INSERT INTO product_tag VALUES(6,2);
INSERT INTO product_tag VALUES(7,2);
INSERT INTO product_tag VALUES(7,5);
INSERT INTO product_tag VALUES(8,2);
INSERT INTO product_tag VALUES(8,4);
INSERT INTO product_tag VALUES(9,4);
INSERT INTO product_tag VALUES(9,5);
INSERT INTO product_tag VALUES(10,1);
INSERT INTO product_tag VALUES(10,5);
INSERT INTO product_tag VALUES(11,2);
INSERT INTO product_tag VALUES(11,3);
INSERT INTO product_tag VALUES(12,3);
INSERT INTO product_tag VALUES(12,4);
CREATE TABLE IF NOT EXISTS "settings" ("id" integer primary key autoincrement not null, "logo" varchar, "favicon" varchar, "phone" varchar, "email" varchar, "address" text, "facebook" varchar, "instagram" varchar, "twitter" varchar, "linkedin" varchar, "footer_text" text, "created_at" datetime, "updated_at" datetime);
CREATE TABLE IF NOT EXISTS "featured_products" ("id" integer primary key autoincrement not null, "category_label" varchar, "title" varchar not null, "description" text not null, "image" varchar not null, "tags" text, "button_text" varchar not null default 'Detayları Gör', "button_link" varchar not null, "order" integer not null default '0', "is_active" tinyint(1) not null default '1', "created_at" datetime, "updated_at" datetime);
CREATE TABLE IF NOT EXISTS "wholesale_orders" ("id" integer primary key autoincrement not null, "company_name" varchar not null, "contact_person" varchar not null, "email" varchar not null, "phone" varchar not null, "address" text, "city" varchar, "tax_office" varchar, "tax_number" varchar, "items" text not null, "additional_notes" text, "status" varchar check ("status" in ('pending', 'reviewing', 'approved', 'rejected', 'completed')) not null default 'pending', "admin_notes" text, "reviewed_at" datetime, "created_at" datetime, "updated_at" datetime);
INSERT INTO sqlite_sequence VALUES('migrations',14);
INSERT INTO sqlite_sequence VALUES('users',1);
INSERT INTO sqlite_sequence VALUES('categories',5);
INSERT INTO sqlite_sequence VALUES('tags',5);
INSERT INTO sqlite_sequence VALUES('products',22);
INSERT INTO sqlite_sequence VALUES('pages',4);
CREATE UNIQUE INDEX "users_email_unique" on "users" ("email");
CREATE INDEX "sessions_user_id_index" on "sessions" ("user_id");
CREATE INDEX "sessions_last_activity_index" on "sessions" ("last_activity");
CREATE INDEX "jobs_queue_index" on "jobs" ("queue");
CREATE UNIQUE INDEX "failed_jobs_uuid_unique" on "failed_jobs" ("uuid");
CREATE INDEX "personal_access_tokens_tokenable_type_tokenable_id_index" on "personal_access_tokens" ("tokenable_type", "tokenable_id");
CREATE UNIQUE INDEX "personal_access_tokens_token_unique" on "personal_access_tokens" ("token");
CREATE INDEX "personal_access_tokens_expires_at_index" on "personal_access_tokens" ("expires_at");
CREATE UNIQUE INDEX "categories_slug_unique" on "categories" ("slug");
CREATE UNIQUE INDEX "pages_slug_unique" on "pages" ("slug");
CREATE UNIQUE INDEX "products_slug_unique" on "products" ("slug");
COMMIT;
